{"FCN": {"fpr": [0.0, 0.0, 0.0, 0.02127659574468085, 0.02127659574468085, 0.0425531914893617, 0.0425531914893617, 0.5531914893617021, 0.5531914893617021, 1.0], "tpr": [0.0, 0.023809523809523808, 0.47619047619047616, 0.47619047619047616, 0.9523809523809523, 0.9523809523809523, 0.9761904761904762, 0.9761904761904762, 1.0, 1.0], "auc": 0.9756838905775076}, "RNN": {"fpr": [0.0, 0.0, 0.0, 0.05, 0.05, 0.1, 0.1, 0.15, 0.15, 1.0], "tpr": [0.0, 0.030303030303030304, 0.12121212121212122, 0.12121212121212122, 0.6060606060606061, 0.6060606060606061, 0.6666666666666666, 0.6666666666666666, 1.0, 1.0], "auc": 0.9196969696969697}, "GRU": {"fpr": [0.0, 0.0, 0.0, 0.019230769230769232, 0.019230769230769232, 0.019230769230769232, 0.057692307692307696, 0.057692307692307696, 0.07692307692307693, 0.07692307692307693, 0.4423076923076923, 0.4423076923076923, 0.7692307692307693, 0.8076923076923077, 0.9230769230769231, 1.0], "tpr": [0.0, 0.2826086956521739, 0.34782608695652173, 0.34782608695652173, 0.391304347826087, 0.8260869565217391, 0.8260869565217391, 0.9347826086956522, 0.9347826086956522, 0.9782608695652174, 0.9782608695652174, 1.0, 1.0, 1.0, 1.0, 1.0], "auc": 0.9715719063545151}, "LSTM": {"fpr": [0.0, 0.0, 0.0, 0.019230769230769232, 0.019230769230769232, 0.038461538461538464, 0.038461538461538464, 0.40384615384615385, 0.40384615384615385, 1.0], "tpr": [0.0, 0.021739130434782608, 0.13043478260869565, 0.13043478260869565, 0.6739130434782609, 0.6739130434782609, 0.9565217391304348, 0.9565217391304348, 1.0, 1.0], "auc": 0.9611204013377928}, "Transformer": {"fpr": [0.0, 0.0, 0.0, 0.06, 0.06, 0.08, 0.08, 0.1, 0.1, 0.12, 0.12, 0.16, 0.16, 0.18, 0.18, 0.2, 0.2, 0.22, 0.22, 0.28, 0.28, 0.34, 0.34, 0.44, 0.44, 0.48, 0.48, 1.0], "tpr": [0.0, 0.021739130434782608, 0.2608695652173913, 0.2608695652173913, 0.32608695652173914, 0.32608695652173914, 0.34782608695652173, 0.34782608695652173, 0.43478260869565216, 0.43478260869565216, 0.5, 0.5, 0.6086956521739131, 0.6086956521739131, 0.6304347826086957, 0.6304347826086957, 0.6521739130434783, 0.6521739130434783, 0.8695652173913043, 0.8695652173913043, 0.9347826086956522, 0.9347826086956522, 0.9565217391304348, 0.9565217391304348, 0.9782608695652174, 0.9782608695652174, 1.0, 1.0], "auc": 0.8586956521739131}, "Transformer_big": {"fpr": [0.0, 0.0, 0.0, 0.019230769230769232, 0.019230769230769232, 0.038461538461538464, 0.038461538461538464, 0.057692307692307696, 0.057692307692307696, 0.09615384615384616, 0.09615384615384616, 0.15384615384615385, 0.15384615384615385, 0.23076923076923078, 0.23076923076923078, 0.25, 0.25, 0.28846153846153844, 0.28846153846153844, 0.3076923076923077, 0.3076923076923077, 0.3269230769230769, 0.3269230769230769, 0.34615384615384615, 0.34615384615384615, 0.7115384615384616, 0.7115384615384616, 1.0], "tpr": [0.0, 0.021739130434782608, 0.08695652173913043, 0.08695652173913043, 0.3695652173913043, 0.3695652173913043, 0.43478260869565216, 0.43478260869565216, 0.4782608695652174, 0.4782608695652174, 0.5, 0.5, 0.6521739130434783, 0.6521739130434783, 0.6956521739130435, 0.6956521739130435, 0.717391304347826, 0.717391304347826, 0.7391304347826086, 0.7391304347826086, 0.7608695652173914, 0.7608695652173914, 0.9130434782608695, 0.9130434782608695, 0.9782608695652174, 0.9782608695652174, 1.0, 1.0], "auc": 0.8478260869565217}}