{"RNN": {"fpr": [0.0, 0.0, 0.0, 0.019230769230769232, 0.019230769230769232, 0.038461538461538464, 0.038461538461538464, 0.057692307692307696, 0.057692307692307696, 0.07692307692307693, 0.07692307692307693, 0.11538461538461539, 0.11538461538461539, 0.1346153846153846, 0.1346153846153846, 0.17307692307692307, 0.17307692307692307, 0.19230769230769232, 0.19230769230769232, 0.23076923076923078, 0.23076923076923078, 0.36538461538461536, 0.36538461538461536, 0.46153846153846156, 0.46153846153846156, 0.5192307692307693, 0.5192307692307693, 0.5576923076923077, 0.5576923076923077, 1.0], "tpr": [0.0, 0.021739130434782608, 0.15217391304347827, 0.15217391304347827, 0.391304347826087, 0.391304347826087, 0.5652173913043478, 0.5652173913043478, 0.6086956521739131, 0.6086956521739131, 0.717391304347826, 0.717391304347826, 0.782608695652174, 0.782608695652174, 0.8260869565217391, 0.8260869565217391, 0.8695652173913043, 0.8695652173913043, 0.8913043478260869, 0.8913043478260869, 0.9130434782608695, 0.9130434782608695, 0.9347826086956522, 0.9347826086956522, 0.9565217391304348, 0.9565217391304348, 0.9782608695652174, 0.9782608695652174, 1.0, 1.0], "auc": 0.9063545150501673}}