{"FCN": {"fpr": [0.0, 0.0, 0.0, 0.019230769230769232, 0.019230769230769232, 0.038461538461538464, 0.038461538461538464, 0.057692307692307696, 0.057692307692307696, 0.07692307692307693, 0.07692307692307693, 0.17307692307692307, 0.17307692307692307, 0.21153846153846154, 0.21153846153846154, 0.5961538461538461, 0.5961538461538461, 1.0], "tpr": [0.0, 0.021739130434782608, 0.43478260869565216, 0.43478260869565216, 0.5217391304347826, 0.5217391304347826, 0.6304347826086957, 0.6304347826086957, 0.8695652173913043, 0.8695652173913043, 0.9130434782608695, 0.9130434782608695, 0.9565217391304348, 0.9565217391304348, 0.9782608695652174, 0.9782608695652174, 1.0, 1.0], "auc": 0.951923076923077}}