{"FCN": {"fpr": [0.0, 0.0, 0.0, 0.02040816326530612, 0.02040816326530612, 0.04081632653061224, 0.04081632653061224, 0.061224489795918366, 0.061224489795918366, 0.08163265306122448, 0.08163265306122448, 0.12244897959183673, 0.12244897959183673, 0.16326530612244897, 0.16326530612244897, 0.5714285714285714, 0.5714285714285714, 1.0], "tpr": [0.0, 0.021739130434782608, 0.43478260869565216, 0.43478260869565216, 0.5217391304347826, 0.5217391304347826, 0.6304347826086957, 0.6304347826086957, 0.8695652173913043, 0.8695652173913043, 0.9130434782608695, 0.9130434782608695, 0.9565217391304348, 0.9565217391304348, 0.9782608695652174, 0.9782608695652174, 1.0, 1.0], "auc": 0.9543034605146407}, "RNN": {"fpr": [0.0, 0.0, 0.0, 0.0196078431372549, 0.0196078431372549, 0.0392156862745098, 0.0392156862745098, 0.058823529411764705, 0.058823529411764705, 0.09803921568627451, 0.09803921568627451, 0.11764705882352941, 0.11764705882352941, 0.13725490196078433, 0.13725490196078433, 0.1568627450980392, 0.1568627450980392, 0.17647058823529413, 0.17647058823529413, 0.19607843137254902, 0.19607843137254902, 0.23529411764705882, 0.23529411764705882, 0.2549019607843137, 0.2549019607843137, 0.37254901960784315, 0.37254901960784315, 0.6666666666666666, 0.6666666666666666, 0.9411764705882353, 0.9411764705882353, 0.9803921568627451, 0.9803921568627451, 1.0], "tpr": [0.0, 0.021739130434782608, 0.043478260869565216, 0.043478260869565216, 0.08695652173913043, 0.08695652173913043, 0.13043478260869565, 0.13043478260869565, 0.17391304347826086, 0.17391304347826086, 0.1956521739130435, 0.1956521739130435, 0.32608695652173914, 0.32608695652173914, 0.3695652173913043, 0.3695652173913043, 0.391304347826087, 0.391304347826087, 0.43478260869565216, 0.43478260869565216, 0.5869565217391305, 0.5869565217391305, 0.8043478260869565, 0.8043478260869565, 0.8478260869565217, 0.8478260869565217, 0.8913043478260869, 0.8913043478260869, 0.9347826086956522, 0.9347826086956522, 0.9565217391304348, 0.9565217391304348, 1.0, 1.0], "auc": 0.7600170502983803}, "GRU": {"fpr": [0.0, 0.0, 0.0, 0.019230769230769232, 0.019230769230769232, 0.019230769230769232, 0.057692307692307696, 0.057692307692307696, 0.11538461538461539, 0.11538461538461539, 0.36538461538461536, 0.36538461538461536, 0.46153846153846156, 0.46153846153846156, 0.7692307692307693, 0.8076923076923077, 0.9230769230769231, 1.0], "tpr": [0.0, 0.2826086956521739, 0.34782608695652173, 0.34782608695652173, 0.391304347826087, 0.8260869565217391, 0.8260869565217391, 0.9347826086956522, 0.9347826086956522, 0.9565217391304348, 0.9565217391304348, 0.9782608695652174, 0.9782608695652174, 1.0, 1.0, 1.0, 1.0, 1.0], "auc": 0.9640468227424749}, "LSTM": {"fpr": [0.0, 0.0, 0.0, 0.019230769230769232, 0.019230769230769232, 0.038461538461538464, 0.038461538461538464, 0.057692307692307696, 0.057692307692307696, 0.07692307692307693, 0.07692307692307693, 0.3269230769230769, 0.3269230769230769, 0.4230769230769231, 0.4230769230769231, 0.4423076923076923, 0.4423076923076923, 0.4807692307692308, 0.4807692307692308, 1.0], "tpr": [0.0, 0.021739130434782608, 0.13043478260869565, 0.13043478260869565, 0.6739130434782609, 0.6739130434782609, 0.7391304347826086, 0.7391304347826086, 0.8043478260869565, 0.8043478260869565, 0.8695652173913043, 0.8695652173913043, 0.9130434782608695, 0.9130434782608695, 0.9347826086956522, 0.9347826086956522, 0.9565217391304348, 0.9565217391304348, 1.0, 1.0], "auc": 0.9243311036789297}, "Transformer": {"fpr": [0.0, 0.0, 0.0, 0.019230769230769232, 0.019230769230769232, 0.057692307692307696, 0.057692307692307696, 0.07692307692307693, 0.07692307692307693, 0.1346153846153846, 0.1346153846153846, 0.15384615384615385, 0.15384615384615385, 0.19230769230769232, 0.19230769230769232, 0.21153846153846154, 0.21153846153846154, 0.25, 0.25, 0.2692307692307692, 0.2692307692307692, 0.38461538461538464, 0.38461538461538464, 0.5192307692307693, 0.5192307692307693, 1.0], "tpr": [0.0, 0.021739130434782608, 0.043478260869565216, 0.043478260869565216, 0.4782608695652174, 0.4782608695652174, 0.5652173913043478, 0.5652173913043478, 0.6304347826086957, 0.6304347826086957, 0.6956521739130435, 0.6956521739130435, 0.7608695652173914, 0.7608695652173914, 0.782608695652174, 0.782608695652174, 0.8260869565217391, 0.8260869565217391, 0.9347826086956522, 0.9347826086956522, 0.9565217391304348, 0.9565217391304348, 0.9782608695652174, 0.9782608695652174, 1.0, 1.0], "auc": 0.8967391304347827}, "Transformer_big": {"fpr": [0.0, 0.0, 0.0, 0.019230769230769232, 0.019230769230769232, 0.038461538461538464, 0.038461538461538464, 0.07692307692307693, 0.07692307692307693, 0.11538461538461539, 0.11538461538461539, 0.1346153846153846, 0.1346153846153846, 0.15384615384615385, 0.15384615384615385, 0.23076923076923078, 0.23076923076923078, 0.25, 0.25, 0.2692307692307692, 0.2692307692307692, 0.3076923076923077, 0.3076923076923077, 0.36538461538461536, 0.36538461538461536, 0.46153846153846156, 0.46153846153846156, 0.7307692307692307, 0.7307692307692307, 1.0], "tpr": [0.0, 0.021739130434782608, 0.10869565217391304, 0.10869565217391304, 0.34782608695652173, 0.34782608695652173, 0.5217391304347826, 0.5217391304347826, 0.5869565217391305, 0.5869565217391305, 0.6521739130434783, 0.6521739130434783, 0.6739130434782609, 0.6739130434782609, 0.6956521739130435, 0.6956521739130435, 0.717391304347826, 0.717391304347826, 0.782608695652174, 0.782608695652174, 0.8913043478260869, 0.8913043478260869, 0.9347826086956522, 0.9347826086956522, 0.9565217391304348, 0.9565217391304348, 0.9782608695652174, 0.9782608695652174, 1.0, 1.0], "auc": 0.8720735785953176}}