{"FCN": {"fpr": [0.0, 0.0, 0.0, 0.3333333333333333, 0.3333333333333333, 1.0], "tpr": [0.0, 0.029411764705882353, 0.9705882352941176, 0.9705882352941176, 1.0, 1.0], "auc": 0.9901960784313726}, "GRU": {"fpr": [0.0, 0.0, 0.0, 0.019230769230769232, 0.019230769230769232, 0.019230769230769232, 0.057692307692307696, 0.057692307692307696, 0.09615384615384616, 0.09615384615384616, 0.11538461538461539, 0.11538461538461539, 0.36538461538461536, 0.36538461538461536, 0.7692307692307693, 0.8076923076923077, 0.9230769230769231, 1.0], "tpr": [0.0, 0.2826086956521739, 0.34782608695652173, 0.34782608695652173, 0.391304347826087, 0.8260869565217391, 0.8260869565217391, 0.8913043478260869, 0.8913043478260869, 0.9347826086956522, 0.9347826086956522, 0.9782608695652174, 0.9782608695652174, 1.0, 1.0, 1.0, 1.0, 1.0], "auc": 0.9698996655518395}, "LSTM": {"fpr": [0.0, 0.0, 0.0, 0.0196078431372549, 0.0196078431372549, 0.0392156862745098, 0.0392156862745098, 0.058823529411764705, 0.058823529411764705, 0.803921568627451, 0.803921568627451, 1.0], "tpr": [0.0, 0.021739130434782608, 0.13043478260869565, 0.13043478260869565, 0.6521739130434783, 0.6521739130434783, 0.8695652173913043, 0.8695652173913043, 0.9782608695652174, 0.9782608695652174, 1.0, 1.0], "auc": 0.9573742540494459}, "Transformer": {"fpr": [0.0, 0.0, 0.0, 0.02127659574468085, 0.02127659574468085, 0.0425531914893617, 0.0425531914893617, 0.06382978723404255, 0.06382978723404255, 0.0851063829787234, 0.0851063829787234, 0.10638297872340426, 0.10638297872340426, 0.14893617021276595, 0.14893617021276595, 0.2127659574468085, 0.2127659574468085, 0.40425531914893614, 0.40425531914893614, 0.5957446808510638, 0.5957446808510638, 1.0], "tpr": [0.0, 0.021739130434782608, 0.2608695652173913, 0.2608695652173913, 0.2826086956521739, 0.2826086956521739, 0.6304347826086957, 0.6304347826086957, 0.6521739130434783, 0.6521739130434783, 0.6956521739130435, 0.6956521739130435, 0.7391304347826086, 0.7391304347826086, 0.8043478260869565, 0.8043478260869565, 0.9565217391304348, 0.9565217391304348, 0.9782608695652174, 0.9782608695652174, 1.0, 1.0], "auc": 0.9111933395004626}, "Transformer_big": {"fpr": [0.0, 0.0, 0.0, 0.019230769230769232, 0.019230769230769232, 0.038461538461538464, 0.038461538461538464, 0.07692307692307693, 0.07692307692307693, 0.09615384615384616, 0.09615384615384616, 0.11538461538461539, 0.11538461538461539, 0.1346153846153846, 0.1346153846153846, 0.15384615384615385, 0.15384615384615385, 0.17307692307692307, 0.17307692307692307, 0.19230769230769232, 0.19230769230769232, 0.23076923076923078, 0.23076923076923078, 0.25, 0.25, 0.2692307692307692, 0.2692307692307692, 0.28846153846153844, 0.28846153846153844, 0.3076923076923077, 0.3076923076923077, 0.34615384615384615, 0.34615384615384615, 0.36538461538461536, 0.36538461538461536, 1.0], "tpr": [0.0, 0.021739130434782608, 0.13043478260869565, 0.13043478260869565, 0.2608695652173913, 0.2608695652173913, 0.30434782608695654, 0.30434782608695654, 0.3695652173913043, 0.3695652173913043, 0.391304347826087, 0.391304347826087, 0.41304347826086957, 0.41304347826086957, 0.45652173913043476, 0.45652173913043476, 0.5, 0.5, 0.5217391304347826, 0.5217391304347826, 0.717391304347826, 0.717391304347826, 0.7391304347826086, 0.7391304347826086, 0.782608695652174, 0.782608695652174, 0.8043478260869565, 0.8043478260869565, 0.8478260869565217, 0.8478260869565217, 0.9130434782608695, 0.9130434782608695, 0.9565217391304348, 0.9565217391304348, 1.0, 1.0], "auc": 0.8469899665551839}}