{"FCN": {"fpr": [0.0, 0.0, 0.0, 0.020833333333333332, 0.020833333333333332, 0.041666666666666664, 0.041666666666666664, 0.10416666666666667, 0.10416666666666667, 0.5625, 0.5625, 1.0], "tpr": [0.0, 0.022727272727272728, 0.45454545454545453, 0.45454545454545453, 0.5681818181818182, 0.5681818181818182, 0.9318181818181818, 0.9318181818181818, 0.9772727272727273, 0.9772727272727273, 1.0, 1.0], "auc": 0.9649621212121212}, "RNN": {"fpr": [0.0, 0.0, 0.0, 0.02, 0.02, 0.04, 0.04, 0.08, 0.08, 0.1, 0.1, 0.12, 0.12, 0.14, 0.14, 0.18, 0.18, 0.26, 0.26, 0.4, 0.4, 0.96, 0.96, 0.98, 0.98, 1.0], "tpr": [0.0, 0.021739130434782608, 0.15217391304347827, 0.15217391304347827, 0.17391304347826086, 0.17391304347826086, 0.2826086956521739, 0.2826086956521739, 0.41304347826086957, 0.41304347826086957, 0.45652173913043476, 0.45652173913043476, 0.5, 0.5, 0.5869565217391305, 0.5869565217391305, 0.9130434782608695, 0.9130434782608695, 0.9347826086956522, 0.9347826086956522, 0.9565217391304348, 0.9565217391304348, 0.9782608695652174, 0.9782608695652174, 1.0, 1.0], "auc": 0.8478260869565217}, "GRU": {"fpr": [0.0, 0.0, 0.0, 0.019230769230769232, 0.019230769230769232, 0.019230769230769232, 0.057692307692307696, 0.057692307692307696, 0.09615384615384616, 0.09615384615384616, 0.34615384615384615, 0.34615384615384615, 0.46153846153846156, 0.46153846153846156, 0.7692307692307693, 0.8076923076923077, 0.9230769230769231, 1.0], "tpr": [0.0, 0.2826086956521739, 0.34782608695652173, 0.34782608695652173, 0.391304347826087, 0.8260869565217391, 0.8260869565217391, 0.9347826086956522, 0.9347826086956522, 0.9565217391304348, 0.9565217391304348, 0.9782608695652174, 0.9782608695652174, 1.0, 1.0, 1.0, 1.0, 1.0], "auc": 0.9648829431438127}, "LSTM": {"fpr": [0.0, 0.0, 0.0, 0.019230769230769232, 0.019230769230769232, 0.038461538461538464, 0.038461538461538464, 0.057692307692307696, 0.057692307692307696, 0.07692307692307693, 0.07692307692307693, 0.38461538461538464, 0.38461538461538464, 0.4230769230769231, 0.4230769230769231, 0.4807692307692308, 0.4807692307692308, 0.5, 0.5, 1.0], "tpr": [0.0, 0.021739130434782608, 0.13043478260869565, 0.13043478260869565, 0.6739130434782609, 0.6739130434782609, 0.8043478260869565, 0.8043478260869565, 0.8478260869565217, 0.8478260869565217, 0.8913043478260869, 0.8913043478260869, 0.9130434782608695, 0.9130434782608695, 0.9347826086956522, 0.9347826086956522, 0.9782608695652174, 0.9782608695652174, 1.0, 1.0], "auc": 0.9293478260869565}, "Transformer": {"fpr": [0.0, 0.0, 0.0, 0.019230769230769232, 0.019230769230769232, 0.038461538461538464, 0.038461538461538464, 0.057692307692307696, 0.057692307692307696, 0.07692307692307693, 0.07692307692307693, 0.11538461538461539, 0.11538461538461539, 0.1346153846153846, 0.1346153846153846, 0.15384615384615385, 0.15384615384615385, 0.17307692307692307, 0.17307692307692307, 0.19230769230769232, 0.19230769230769232, 0.21153846153846154, 0.21153846153846154, 0.3269230769230769, 0.3269230769230769, 0.34615384615384615, 0.34615384615384615, 0.4423076923076923, 0.4423076923076923, 0.5, 0.5, 1.0], "tpr": [0.0, 0.021739130434782608, 0.21739130434782608, 0.21739130434782608, 0.2608695652173913, 0.2608695652173913, 0.3695652173913043, 0.3695652173913043, 0.4782608695652174, 0.4782608695652174, 0.5, 0.5, 0.5434782608695652, 0.5434782608695652, 0.8043478260869565, 0.8043478260869565, 0.8260869565217391, 0.8260869565217391, 0.8478260869565217, 0.8478260869565217, 0.8695652173913043, 0.8695652173913043, 0.8913043478260869, 0.8913043478260869, 0.9130434782608695, 0.9130434782608695, 0.9565217391304348, 0.9565217391304348, 0.9782608695652174, 0.9782608695652174, 1.0, 1.0], "auc": 0.8883779264214047}, "Transformer_big": {"fpr": [0.0, 0.0, 0.0, 0.019230769230769232, 0.019230769230769232, 0.038461538461538464, 0.038461538461538464, 0.11538461538461539, 0.11538461538461539, 0.1346153846153846, 0.1346153846153846, 0.17307692307692307, 0.17307692307692307, 0.21153846153846154, 0.21153846153846154, 0.25, 0.25, 0.2692307692307692, 0.2692307692307692, 0.28846153846153844, 0.28846153846153844, 0.3076923076923077, 0.3076923076923077, 0.6730769230769231, 0.6730769230769231, 1.0], "tpr": [0.0, 0.021739130434782608, 0.06521739130434782, 0.06521739130434782, 0.3695652173913043, 0.3695652173913043, 0.4782608695652174, 0.4782608695652174, 0.6304347826086957, 0.6304347826086957, 0.6956521739130435, 0.6956521739130435, 0.7391304347826086, 0.7391304347826086, 0.7608695652173914, 0.7608695652173914, 0.782608695652174, 0.782608695652174, 0.8695652173913043, 0.8695652173913043, 0.8913043478260869, 0.8913043478260869, 0.9782608695652174, 0.9782608695652174, 1.0, 1.0], "auc": 0.875}}