{"FCN": {"fpr": [0.0, 0.0, 0.0, 0.019230769230769232, 0.019230769230769232, 0.038461538461538464, 0.038461538461538464, 0.07692307692307693, 0.07692307692307693, 0.11538461538461539, 0.11538461538461539, 0.1346153846153846, 0.1346153846153846, 0.5961538461538461, 0.5961538461538461, 1.0], "tpr": [0.0, 0.021739130434782608, 0.43478260869565216, 0.43478260869565216, 0.8695652173913043, 0.8695652173913043, 0.8913043478260869, 0.8913043478260869, 0.9130434782608695, 0.9130434782608695, 0.9565217391304348, 0.9565217391304348, 0.9782608695652174, 0.9782608695652174, 1.0, 1.0], "auc": 0.9682274247491639}, "RNN": {"fpr": [0.0, 0.0, 0.0, 0.019230769230769232, 0.019230769230769232, 0.038461538461538464, 0.038461538461538464, 0.057692307692307696, 0.057692307692307696, 0.07692307692307693, 0.07692307692307693, 0.09615384615384616, 0.09615384615384616, 0.11538461538461539, 0.11538461538461539, 0.1346153846153846, 0.1346153846153846, 0.15384615384615385, 0.15384615384615385, 0.21153846153846154, 0.21153846153846154, 0.46153846153846156, 0.46153846153846156, 0.4807692307692308, 0.4807692307692308, 1.0], "tpr": [0.0, 0.021739130434782608, 0.08695652173913043, 0.08695652173913043, 0.43478260869565216, 0.43478260869565216, 0.4782608695652174, 0.4782608695652174, 0.717391304347826, 0.717391304347826, 0.782608695652174, 0.782608695652174, 0.8695652173913043, 0.8695652173913043, 0.8913043478260869, 0.8913043478260869, 0.9130434782608695, 0.9130434782608695, 0.9347826086956522, 0.9347826086956522, 0.9565217391304348, 0.9565217391304348, 0.9782608695652174, 0.9782608695652174, 1.0, 1.0], "auc": 0.9306020066889631}, "GRU": {"fpr": [0.0, 0.0, 0.0, 0.019230769230769232, 0.019230769230769232, 0.019230769230769232, 0.057692307692307696, 0.057692307692307696, 0.07692307692307693, 0.07692307692307693, 0.4423076923076923, 0.4423076923076923, 0.7692307692307693, 0.8076923076923077, 0.9230769230769231, 1.0], "tpr": [0.0, 0.2826086956521739, 0.34782608695652173, 0.34782608695652173, 0.391304347826087, 0.8260869565217391, 0.8260869565217391, 0.9347826086956522, 0.9347826086956522, 0.9782608695652174, 0.9782608695652174, 1.0, 1.0, 1.0, 1.0, 1.0], "auc": 0.9715719063545151}, "LSTM": {"fpr": [0.0, 0.0, 0.0, 0.019230769230769232, 0.019230769230769232, 0.038461538461538464, 0.038461538461538464, 0.40384615384615385, 0.40384615384615385, 1.0], "tpr": [0.0, 0.021739130434782608, 0.13043478260869565, 0.13043478260869565, 0.6739130434782609, 0.6739130434782609, 0.9565217391304348, 0.9565217391304348, 1.0, 1.0], "auc": 0.9611204013377928}, "Transformer": {"fpr": [0.0, 0.0, 0.0, 0.019230769230769232, 0.019230769230769232, 0.038461538461538464, 0.038461538461538464, 0.07692307692307693, 0.07692307692307693, 0.09615384615384616, 0.09615384615384616, 0.11538461538461539, 0.11538461538461539, 0.15384615384615385, 0.15384615384615385, 0.17307692307692307, 0.17307692307692307, 0.19230769230769232, 0.19230769230769232, 0.21153846153846154, 0.21153846153846154, 0.23076923076923078, 0.23076923076923078, 0.4423076923076923, 0.4423076923076923, 0.46153846153846156, 0.46153846153846156, 1.0], "tpr": [0.0, 0.021739130434782608, 0.21739130434782608, 0.21739130434782608, 0.2608695652173913, 0.2608695652173913, 0.2826086956521739, 0.2826086956521739, 0.4782608695652174, 0.4782608695652174, 0.5434782608695652, 0.5434782608695652, 0.6304347826086957, 0.6304347826086957, 0.6521739130434783, 0.6521739130434783, 0.6956521739130435, 0.6956521739130435, 0.717391304347826, 0.717391304347826, 0.9130434782608695, 0.9130434782608695, 0.9347826086956522, 0.9347826086956522, 0.9565217391304348, 0.9565217391304348, 1.0, 1.0], "auc": 0.8758361204013378}, "Transformer_big": {"fpr": [0.0, 0.0, 0.0, 0.038461538461538464, 0.038461538461538464, 0.057692307692307696, 0.057692307692307696, 0.07692307692307693, 0.07692307692307693, 0.09615384615384616, 0.09615384615384616, 0.1346153846153846, 0.1346153846153846, 0.15384615384615385, 0.15384615384615385, 0.17307692307692307, 0.17307692307692307, 0.19230769230769232, 0.19230769230769232, 0.23076923076923078, 0.23076923076923078, 0.3076923076923077, 0.3076923076923077, 0.34615384615384615, 0.34615384615384615, 0.8076923076923077, 0.8076923076923077, 1.0], "tpr": [0.0, 0.021739130434782608, 0.08695652173913043, 0.08695652173913043, 0.3695652173913043, 0.3695652173913043, 0.5, 0.5, 0.5217391304347826, 0.5217391304347826, 0.5652173913043478, 0.5652173913043478, 0.5869565217391305, 0.5869565217391305, 0.6739130434782609, 0.6739130434782609, 0.717391304347826, 0.717391304347826, 0.7608695652173914, 0.7608695652173914, 0.8478260869565217, 0.8478260869565217, 0.9130434782608695, 0.9130434782608695, 0.9782608695652174, 0.9782608695652174, 1.0, 1.0], "auc": 0.8632943143812709}}