{"FCN": [{"loss": [0.2228395938873291, 0.1770186871290207], "categorical_accuracy": [0.5104712247848511, 0.5545003414154053], "val_loss": [0.1712413877248764, 0.16467325389385223], "val_categorical_accuracy": [0.5659665465354919, 0.6148662567138672]}, {"loss": [0.19182412326335907, 0.17153920233249664], "categorical_accuracy": [0.5453922748565674, 0.5764724016189575], "val_loss": [0.16244487464427948, 0.1594187170267105], "val_categorical_accuracy": [0.5991594195365906, 0.618874728679657]}], "RNN": [{"loss": [0.627729594707489, 0.5762009620666504], "categorical_accuracy": [0.6318103671073914, 0.6941820383071899], "val_loss": [0.5773131847381592, 0.5967639088630676], "val_categorical_accuracy": [0.6861399412155151, 0.6608311533927917]}, {"loss": [0.628863513469696, 0.550409734249115], "categorical_accuracy": [0.6277507543563843, 0.7313411235809326], "val_loss": [0.614855170249939, 0.5273513197898865], "val_categorical_accuracy": [0.6729282736778259, 0.7612994909286499]}]}