{"TP": 0.9997498436522827, "FN": 0.0002501563477173233, "TN": 0.5339768339768339, "FP": 0.466023166023166, "NC": 0.9308973873532753}