{"TP": 1.0, "FN": 0.0, "TN": 0.28793170353123787, "FP": 0.7120682964687621, "NC": 0.9197514005369002}