{"TP": 0.9810272474732549, "FN": 0.01897275252674508, "TN": 0.5316732197466142, "FP": 0.46832678025338575, "NC": 0.8580859393051182}