{"TP": 0.7465190694456456, "FN": 0.2534809305543544, "TN": 0.9994815006851598, "FP": 0.0005184993148401911, "NC": 0.8692395590683607}