{"TP": 0.9959304476507584, "FN": 0.004069552349241583, "TN": 0.21968395740295432, "FP": 0.7803160425970457, "NC": 0.8351796217717707}