{"TP": 0.9870536818669086, "FN": 0.01294631813309145, "TN": 0.5637527547486619, "FP": 0.436247245251338, "NC": 0.7769789871863426}