{"TP": 0.6928311013247662, "FN": 0.3071688986752337, "TN": 0.6897860845440608, "FP": 0.31021391545593924, "NC": 0.2659654545333431}