{"TP": 0.7948103579859077, "FN": 0.20518964201409226, "TN": 0.6518220119742775, "FP": 0.34817798802572253, "NC": 0.2642002118291245}