{"TP": 0.8783367320341607, "FN": 0.12166326796583922, "TN": 0.522059541239629, "FP": 0.4779404587603709, "NC": 0.15607410022581783}