{"TP": 0.8394022240485735, "FN": 0.16059777595142652, "TN": 0.564571069226335, "FP": 0.435428930773665, "NC": 0.22150798355992832}