{"TP": 0.9031184126877907, "FN": 0.09688158731220932, "TN": 0.4504897995865912, "FP": 0.5495102004134088, "NC": 0.2312268103729658}