{"TP": 0.9987331081081081, "FN": 0.001266891891891892, "TN": 0.541871921182266, "FP": 0.458128078817734, "NC": 0.973646512057777}