{"TP": 0.9780602978568834, "FN": 0.0219397021431166, "TN": 0.26051341217190654, "FP": 0.7394865878280934, "NC": 0.7011410795291798}