{"TP": 0.8331144902367741, "FN": 0.1668855097632259, "TN": 0.5428658576439573, "FP": 0.4571341423560426, "NC": 0.3797203589104789}