{"TP": 0.5867848198805625, "FN": 0.4132151801194375, "TN": 0.9196120689655173, "FP": 0.08038793103448276, "NC": 0.9347037725823591}