{"TP": 0.9836515135534226, "FN": 0.016348486446577364, "TN": 0.420090113967665, "FP": 0.5799098860323351, "NC": 0.8875949801622667}