{"TP": 0.8998971378189952, "FN": 0.10010286218100478, "TN": 0.4150473524439678, "FP": 0.5849526475560322, "NC": 0.23830863372512023}