{"TP": 0.6615859419285759, "FN": 0.33841405807142405, "TN": 0.49699236403303726, "FP": 0.5030076359669627, "NC": 0.1494994038142565}