{"TP": 0.7850387547446652, "FN": 0.21496124525533475, "TN": 0.6630635302833858, "FP": 0.3369364697166142, "NC": 0.11712289053678782}