{"TP": 0.7550811478124718, "FN": 0.24491885218752824, "TN": 0.5062070427226208, "FP": 0.4937929572773791, "NC": 0.11753851892806469}