{"TP": 0.8524282796256212, "FN": 0.14757172037437882, "TN": 0.4373467242788742, "FP": 0.5626532757211258, "NC": 0.17121845272281966}