{"TP": 0.8479777067556717, "FN": 0.15202229324432828, "TN": 0.45719667779775663, "FP": 0.5428033222022434, "NC": 0.19518877204100898}